"ID","Description","GeneRatio","BgRatio","RichFactor","FoldEnrichment","zScore","pvalue","p.adjust","qvalue","geneID","Count"
"GO:0000819","sister chromatid segregation","30/558","235/18986",0.127659574468085,4.34362846030657,8.97476376513907,1.38816706059929e-11,4.20657873938006e-08,3.88353717432002e-08,"TOP2A/CENPF/SMC4/KIF23/BUB1/HSPA1A/CENPE/TPX2/ARID1A/BIRC5/CDC6/RACGAP1/NCAPG/PPP1CC/ZWILCH/NCAPD2/CDK1/KIF11/FBXO5/ZWINT/ESPL1/TUBG1/CCNB1/HSPA1B/PLK1/NDC80/KIF14/NUSAP1/PSRC1/KIF2C",30
"GO:0000070","mitotic sister chromatid segregation","27/558","194/18986",0.139175257731959,4.73545061523113,9.09998466916078,1.96660997633477e-11,4.20657873938006e-08,3.88353717432002e-08,"CENPF/SMC4/KIF23/BUB1/HSPA1A/CENPE/TPX2/BIRC5/RACGAP1/NCAPG/PPP1CC/ZWILCH/NCAPD2/CDK1/KIF11/FBXO5/ZWINT/ESPL1/TUBG1/CCNB1/HSPA1B/PLK1/NDC80/KIF14/NUSAP1/PSRC1/KIF2C",27
"GO:0140014","mitotic nuclear division","32/558","282/18986",0.113475177304965,3.86100307582806,8.42284735919973,6.67028765819262e-11,9.51183020058268e-08,8.78137519071534e-08,"CENPF/SMC4/KIF23/BUB1/HSPA1A/CENPE/TPX2/BIRC5/RACGAP1/NCAPG/PPP1CC/ZWILCH/NCAPD2/CDK1/MKI67/KIF11/FBXO5/REEP4/ZWINT/ESPL1/TUBG1/CCNB1/SPAST/CDC25C/HSPA1B/PLK1/NDC80/KIF14/NUSAP1/ANLN/PSRC1/KIF2C",32
"GO:0044772","mitotic cell cycle phase transition","40/558","467/18986",0.0856531049250535,2.91435457008435,7.28878856448931,1.55069371042615e-09,1.65846692330076e-06,1.53110600039971e-06,"CENPF/MIR222/MYC/RRM1/BUB1/CENPE/HUS1/CLSPN/ARID1A/BIRC5/CASP2/CDC6/FOXM1/INHBA/ZWILCH/MIR193A/CCNB2/CDK1/CDK7/FAM107A/APP/FBXO5/ZWINT/ESPL1/CCNB1/MEPCE/SPAST/CDK6/CDC25C/TPD52L1/PLK1/NDC80/TFDP1/DCUN1D3/PIAS1/KIF14/GTSE1/ANLN/MIR15A/POLE",40
"GO:0098813","nuclear chromosome segregation","32/558","324/18986",0.0987654320987654,3.36050267710961,7.45729302159955,2.29091035535755e-09,1.96010290004392e-06,1.809578032274e-06,"TOP2A/CENPF/SMC4/KIF23/BUB1/HSPA1A/CENPE/TPX2/ARID1A/BIRC5/CDC6/ECT2/RACGAP1/NCAPG/PPP1CC/ZWILCH/CCNB2/NCAPD2/CDK1/KIF11/FBXO5/ZWINT/ESPL1/TUBG1/CCNB1/HSPA1B/PLK1/NDC80/KIF14/NUSAP1/PSRC1/KIF2C",32
"GO:0000280","nuclear division","38/558","451/18986",0.0842572062084257,2.86685899117056,6.9821116606792,6.31827081965336e-09,4.50492709441284e-06,4.1589740553227e-06,"TOP2A/CENPF/SMC4/KIF23/BUB1/HSPA1A/CENPE/TPX2/BIRC5/RACGAP1/NCAPG/PPP1CC/ZWILCH/CCNB2/NCAPD2/CDK1/MKI67/KIF11/LIF/FBXO5/REEP4/ZWINT/ESPL1/TUBG1/FOXJ3/CCNB1/SPAST/CDC25C/HSPA1B/PLK1/NDC80/KIF14/NUSAP1/ANLN/PSRC1/KLHDC3/RMI1/KIF2C",38
"GO:0007051","spindle organization","24/558","204/18986",0.117647058823529,4.00295171832174,7.50370606723779,8.12268769695537e-09,4.96412256679644e-06,4.58290590059798e-06,"KIF23/HSPA1A/CENPE/TPX2/BIRC5/RACGAP1/RAE1/CCNB2/NEK7/STMN1/KIF11/PDE4DIP/HDAC3/FBXO5/CKAP5/ESPL1/TUBG1/CCNB1/UVRAG/SPAST/HSPA1B/PLK1/NDC80/PSRC1",24
"GO:1901990","regulation of mitotic cell cycle phase transition","33/558","368/18986",0.0896739130434783,3.05116292660122,6.91418273126598,1.43111640177445e-08,7.58049569787606e-06,6.99835630482296e-06,"CENPF/MIR222/RRM1/BUB1/CENPE/HUS1/CLSPN/ARID1A/BIRC5/CASP2/CDC6/INHBA/ZWILCH/MIR193A/CDK1/CDK7/FAM107A/APP/FBXO5/ZWINT/ESPL1/CCNB1/MEPCE/CDK6/CDC25C/PLK1/NDC80/TFDP1/DCUN1D3/KIF14/GTSE1/ANLN/MIR15A",33
"GO:0051983","regulation of chromosome segregation","19/558","135/18986",0.140740740740741,4.78871631488119,7.68732202238791,1.59477469099777e-08,7.58049569787606e-06,6.99835630482296e-06,"CENPF/SMC4/BUB1/CENPE/ARID1A/BIRC5/CDC6/NCAPG/ZWILCH/NCAPD2/CDK1/MKI67/FBXO5/ZWINT/ESPL1/CCNB1/PLK1/NDC80/KIF2C",19
"GO:0007059","chromosome segregation","36/558","429/18986",0.0839160839160839,2.85525227460711,6.76333708714226,1.77505433256164e-08,7.59368243469872e-06,7.0105303744961e-06,"TOP2A/CENPF/SMC4/KIF23/BUB1/HSPA1A/CENPE/TPX2/ARID1A/BIRC5/CDC6/ECT2/RACGAP1/NCAPG/PPP1CC/ZWILCH/CCNB2/NCAPD2/CDK1/MKI67/NEK7/KIF11/HDAC3/FBXO5/ZWINT/ESPL1/TUBG1/CCNB1/UVRAG/HSPA1B/PLK1/NDC80/KIF14/NUSAP1/PSRC1/KIF2C",36
"GO:1902850","microtubule cytoskeleton organization involved in mitosis","21/558","167/18986",0.125748502994012,4.27860408215826,7.40512234422304,2.16171912349223e-08,8.40712219118161e-06,7.7615025371702e-06,"KIF23/HSPA1A/CENPE/TPX2/BIRC5/RACGAP1/RAE1/CDK1/STMN1/KIF11/HDAC3/CKAP5/ESPL1/TUBG1/CCNB1/SPAST/HSPA1B/PLK1/NDC80/NUSAP1/PSRC1",21
"GO:0090068","positive regulation of cell cycle process","27/558","274/18986",0.0985401459854015,3.35283729691547,6.82637860329506,4.3529873913682e-08,1.55184000502276e-05,1.43266742915908e-05,"MIR222/SMC4/KIF23/RRM1/BUB1/WNK1/BIRC5/CDC6/ECT2/RACGAP1/NCAPG/NCAPD2/CDK1/NUDT16/APP/FBXO5/ESPL1/MED1/CCNB1/MEPCE/SPAST/CDC25C/CIT/NDC80/TFDP1/KIF14/NUSAP1",27
"GO:0000281","mitotic cytokinesis","15/558","94/18986",0.159574468085106,5.42953557538321,7.49145975521848,9.56079735276582e-08,2.93089732029653e-05,2.70582090641288e-05,"KIF23/WNK1/BIRC5/ECT2/RACGAP1/STAMBP/KIF20A/STMN1/IQGAP2/ESPL1/SPAST/CIT/PLK1/NUSAP1/ANLN",15
"GO:1901987","regulation of cell cycle phase transition","37/558","479/18986",0.0772442588726514,2.62824282967053,6.2806156492419,9.59152933243373e-08,2.93089732029653e-05,2.70582090641288e-05,"CENPF/MIR222/RRM1/BUB1/CENPE/LYN/HUS1/CLSPN/ARID1A/BIRC5/CASP2/CDC6/INHBA/ZWILCH/MIR193A/STK38/CDK1/CDK7/FAM107A/APP/FBXO5/ZWINT/ESPL1/CCNB1/MEPCE/CDK16/CDK6/CDC25C/GNB1L/PLK1/NDC80/TFDP1/DCUN1D3/KIF14/GTSE1/ANLN/MIR15A",37
"GO:1905818","regulation of chromosome separation","13/558","77/18986",0.168831168831169,5.74449564772145,7.2591276370566,3.48696834369807e-07,9.9448337162269e-05,9.1811264740738e-05,"CENPF/SMC4/BUB1/BIRC5/NCAPG/ZWILCH/NCAPD2/FBXO5/ZWINT/ESPL1/CCNB1/PLK1/NDC80",13
"GO:0007052","mitotic spindle organization","17/558","134/18986",0.126865671641791,4.31661584550366,6.7042801438285,4.18394313086059e-07,0.000109498227362424,0.00010108937995222,"KIF23/HSPA1A/CENPE/TPX2/BIRC5/RACGAP1/RAE1/STMN1/KIF11/CKAP5/TUBG1/CCNB1/SPAST/HSPA1B/PLK1/NDC80/PSRC1",17
"GO:0045787","positive regulation of cell cycle","30/558","365/18986",0.0821917808219178,2.79658270732067,6.03080721504255,4.35126195689857e-07,0.000109498227362424,0.00010108937995222,"MIR222/SMC4/KIF23/RRM1/BUB1/WNK1/BIRC5/CDC6/ECT2/RACGAP1/NCAPG/NCAPD2/CDK1/NUDT16/APP/FBXO5/ESPL1/MED1/CCNB1/MEPCE/SPAST/CDC25C/CIT/NDC80/TFDP1/KIF14/NUSAP1/ASNS/PSRC1/C6orf89",30
"GO:0044839","cell cycle G2/M phase transition","18/558","158/18986",0.113924050632911,3.87627603103308,6.31742812073027,9.66788132184035e-07,0.0002216024000507,0.000204584583300172,"CENPF/RRM1/HUS1/CLSPN/BIRC5/CDC6/FOXM1/CCNB2/CDK1/APP/FBXO5/CCNB1/CDK6/CDC25C/TPD52L1/PLK1/NDC80/KIF14",18
"GO:0051304","chromosome separation","13/558","84/18986",0.154761904761905,5.265787677078,6.81817740853033,9.84208882880623e-07,0.0002216024000507,0.000204584583300172,"CENPF/SMC4/BUB1/BIRC5/NCAPG/ZWILCH/NCAPD2/FBXO5/ZWINT/ESPL1/CCNB1/PLK1/NDC80",13
"GO:1901991","negative regulation of mitotic cell cycle phase transition","20/558","205/18986",0.0975609756097561,3.31952093714486,5.81030820082297,2.85956784907459e-06,0.000611661562917055,0.00056468939840673,"CENPF/BUB1/HUS1/CLSPN/BIRC5/CASP2/CDC6/INHBA/ZWILCH/MIR193A/CDK1/FAM107A/FBXO5/ZWINT/CCNB1/PLK1/NDC80/DCUN1D3/GTSE1/MIR15A",20
"GO:0030071","regulation of mitotic metaphase/anaphase transition","13/558","93/18986",0.139784946236559,4.75619532123174,6.31862349168229,3.20706379072348e-06,0.000627235960548399,0.000579067769980462,"CENPF/BUB1/CENPE/ARID1A/BIRC5/CDC6/ZWILCH/FBXO5/ZWINT/ESPL1/CCNB1/PLK1/NDC80",13
"GO:0061640","cytoskeleton-dependent cytokinesis","15/558","123/18986",0.121951219512195,4.14940117143107,6.09759333123792,3.2960038609528e-06,0.000627235960548399,0.000579067769980462,"KIF23/WNK1/BIRC5/ECT2/RACGAP1/STAMBP/KIF20A/STMN1/IQGAP2/ESPL1/SPAST/CIT/PLK1/NUSAP1/ANLN",15
"GO:0033045","regulation of sister chromatid segregation","14/558","108/18986",0.12962962962963,4.41065976370636,6.18522614594568,3.37223634703441e-06,0.000627235960548399,0.000579067769980462,"CENPF/BUB1/CENPE/ARID1A/BIRC5/CDC6/ZWILCH/CDK1/FBXO5/ZWINT/ESPL1/CCNB1/PLK1/NDC80",14
"GO:0000086","G2/M transition of mitotic cell cycle","16/558","141/18986",0.113475177304965,3.86100307582806,5.93352953624711,4.05826906671815e-06,0.000673893090116383,0.000622141894667126,"CENPF/RRM1/HUS1/CLSPN/BIRC5/CDC6/FOXM1/CDK1/APP/FBXO5/CCNB1/CDK6/CDC25C/TPD52L1/PLK1/KIF14",16
"GO:0032465","regulation of cytokinesis","13/558","95/18986",0.136842105263158,4.65606489341634,6.21629366275435,4.08689534914383e-06,0.000673893090116383,0.000622141894667126,"KIF23/WNK1/BIRC5/CDC6/ECT2/RACGAP1/AHCTF1/KIF20A/UVRAG/SPAST/CIT/PLK1/KIF14",13
"GO:0000910","cytokinesis","19/558","192/18986",0.0989583333333333,3.36706615890084,5.73633753573315,4.09565692917858e-06,0.000673893090116383,0.000622141894667126,"KIF23/WNK1/BIRC5/CDC6/ECT2/RACGAP1/STAMBP/AHCTF1/KIF20A/STMN1/IQGAP2/ESPL1/UVRAG/SPAST/CIT/PLK1/KIF14/NUSAP1/ANLN",19
"GO:1902099","regulation of metaphase/anaphase transition of cell cycle","13/558","96/18986",0.135416666666667,4.60756421744325,6.16619147650105,4.60209706503144e-06,0.000729176712748315,0.000673180046315711,"CENPF/BUB1/CENPE/ARID1A/BIRC5/CDC6/ZWILCH/FBXO5/ZWINT/ESPL1/CCNB1/PLK1/NDC80",13
"GO:0007091","metaphase/anaphase transition of mitotic cell cycle","13/558","97/18986",0.134020618556701,4.56006355540775,6.11677398297249,5.1739113569748e-06,0.000790499742326363,0.000729793812457498,"CENPF/BUB1/CENPE/ARID1A/BIRC5/CDC6/ZWILCH/FBXO5/ZWINT/ESPL1/CCNB1/PLK1/NDC80",13
"GO:0033047","regulation of mitotic sister chromatid segregation","10/558","58/18986",0.172413793103448,5.86639475960944,6.45880640588424,6.5049308952225e-06,0.000959589461026271,0.00088589839269963,"CENPF/BUB1/BIRC5/ZWILCH/CDK1/FBXO5/ZWINT/CCNB1/PLK1/NDC80",10
"GO:0044784","metaphase/anaphase transition of cell cycle","13/558","100/18986",0.13,4.42326164874552,5.97246207126398,7.28393157244057e-06,0.00102291287354166,0.00094435892363089,"CENPF/BUB1/CENPE/ARID1A/BIRC5/CDC6/ZWILCH/FBXO5/ZWINT/ESPL1/CCNB1/PLK1/NDC80",13
"GO:0000082","G1/S transition of mitotic cell cycle","22/558","256/18986",0.0859375,2.92403113799283,5.39319953801391,7.41241212711346e-06,0.00102291287354166,0.00094435892363089,"MIR222/MYC/RRM1/ARID1A/CASP2/CDC6/INHBA/MIR193A/CCNB2/CDK1/CDK7/FAM107A/CCNB1/MEPCE/CDK6/TFDP1/DCUN1D3/PIAS1/KIF14/GTSE1/MIR15A/POLE",22
"GO:0051310","metaphase chromosome alignment","13/558","103/18986",0.12621359223301,4.29442878518983,5.8337328634039,1.01192136708151e-05,0.0013528123776171,0.00124892400305587,"CENPF/CENPE/BIRC5/ECT2/RACGAP1/ZWILCH/CDK1/ZWINT/CCNB1/NDC80/KIF14/PSRC1/KIF2C",13
"GO:0010965","regulation of mitotic sister chromatid separation","10/558","62/18986",0.161290322580645,5.48791767834432,6.15910425658556,1.20635514358851e-05,0.00156387494068838,0.00144377814951965,"CENPF/BUB1/BIRC5/ZWILCH/FBXO5/ZWINT/ESPL1/CCNB1/PLK1/NDC80",10
"GO:1901988","negative regulation of cell cycle phase transition","23/558","287/18986",0.0801393728222996,2.72674934122613,5.12913765756993,1.45114550240418e-05,0.00162003247819439,0.00149562310429993,"CENPF/BUB1/LYN/HUS1/CLSPN/BIRC5/CASP2/CDC6/INHBA/ZWILCH/MIR193A/STK38/CDK1/FAM107A/FBXO5/ZWINT/CCNB1/GNB1L/PLK1/NDC80/DCUN1D3/GTSE1/MIR15A",23
"GO:0010389","regulation of G2/M transition of mitotic cell cycle","13/558","107/18986",0.121495327102804,4.13388939135095,5.65678090555334,1.5387190344434e-05,0.00162003247819439,0.00149562310429993,"CENPF/RRM1/HUS1/CLSPN/CDC6/CDK1/APP/FBXO5/CCNB1/CDK6/CDC25C/PLK1/KIF14",13
"GO:0032467","positive regulation of cytokinesis","9/558","51/18986",0.176470588235294,6.00442757748261,6.22716166057713,1.55181091600328e-05,0.00162003247819439,0.00149562310429993,"KIF23/WNK1/BIRC5/CDC6/ECT2/RACGAP1/SPAST/CIT/KIF14",9
"GO:0033046","negative regulation of sister chromatid segregation","9/558","51/18986",0.176470588235294,6.00442757748261,6.22716166057713,1.55181091600328e-05,0.00162003247819439,0.00149562310429993,"CENPF/BUB1/BIRC5/ZWILCH/FBXO5/ZWINT/CCNB1/PLK1/NDC80",9
"GO:0033048","negative regulation of mitotic sister chromatid segregation","9/558","51/18986",0.176470588235294,6.00442757748261,6.22716166057713,1.55181091600328e-05,0.00162003247819439,0.00149562310429993,"CENPF/BUB1/BIRC5/ZWILCH/FBXO5/ZWINT/CCNB1/PLK1/NDC80",9
"GO:0045841","negative regulation of mitotic metaphase/anaphase transition","9/558","51/18986",0.176470588235294,6.00442757748261,6.22716166057713,1.55181091600328e-05,0.00162003247819439,0.00149562310429993,"CENPF/BUB1/BIRC5/ZWILCH/FBXO5/ZWINT/CCNB1/PLK1/NDC80",9
"GO:2000816","negative regulation of mitotic sister chromatid separation","9/558","51/18986",0.176470588235294,6.00442757748261,6.22716166057713,1.55181091600328e-05,0.00162003247819439,0.00149562310429993,"CENPF/BUB1/BIRC5/ZWILCH/FBXO5/ZWINT/CCNB1/PLK1/NDC80",9
"GO:0010948","negative regulation of cell cycle process","25/558","329/18986",0.0759878419452888,2.58549313113486,5.04806230501231,1.552625797241e-05,0.00162003247819439,0.00149562310429993,"CENPF/BUB1/LYN/HUS1/CLSPN/BIRC5/CASP2/CDC6/INHBA/ZWILCH/MIR193A/STK38/CDK1/FAM107A/LIF/FBXO5/ZWINT/ESPL1/CCNB1/GNB1L/PLK1/NDC80/DCUN1D3/GTSE1/MIR15A",25
"GO:0051306","mitotic sister chromatid separation","10/558","65/18986",0.153846153846154,5.23462917011304,5.95090913039756,1.85605212342461e-05,0.00189052166285964,0.00174534024237823,"CENPF/BUB1/BIRC5/ZWILCH/FBXO5/ZWINT/ESPL1/CCNB1/PLK1/NDC80",10
"GO:0051984","positive regulation of chromosome segregation","7/558","30/18986",0.233333333333333,7.93918757467145,6.61879915706462,2.06195527076219e-05,0.00203964386150711,0.00188301069569516,"SMC4/BIRC5/CDC6/NCAPG/NCAPD2/CDK1/CCNB1",7
"GO:1902100","negative regulation of metaphase/anaphase transition of cell cycle","9/558","53/18986",0.169811320754717,5.77784540474741,6.06099058070194,2.14548793286162e-05,0.00203964386150711,0.00188301069569516,"CENPF/BUB1/BIRC5/ZWILCH/FBXO5/ZWINT/CCNB1/PLK1/NDC80",9
"GO:1905819","negative regulation of chromosome separation","9/558","53/18986",0.169811320754717,5.77784540474741,6.06099058070194,2.14548793286162e-05,0.00203964386150711,0.00188301069569516,"CENPF/BUB1/BIRC5/ZWILCH/FBXO5/ZWINT/CCNB1/PLK1/NDC80",9
"GO:0051784","negative regulation of nuclear division","10/558","67/18986",0.149253731343284,5.07837158294549,5.81913460603704,2.43950556761382e-05,0.00223550817184064,0.00206383372966859,"CENPF/BUB1/BIRC5/ZWILCH/LIF/FBXO5/ZWINT/CCNB1/PLK1/NDC80",10
"GO:0008608","attachment of spindle microtubules to kinetochore","9/558","54/18986",0.166666666666667,5.67084826762246,5.98105353783001,2.50828406377632e-05,0.00223550817184064,0.00206383372966859,"CENPE/BIRC5/ECT2/RACGAP1/ZWILCH/CDK1/CCNB1/NDC80/KIF2C",9
"GO:0051985","negative regulation of chromosome segregation","9/558","54/18986",0.166666666666667,5.67084826762246,5.98105353783001,2.50828406377632e-05,0.00223550817184064,0.00206383372966859,"CENPF/BUB1/BIRC5/ZWILCH/FBXO5/ZWINT/CCNB1/PLK1/NDC80",9
"GO:0033044","regulation of chromosome organization","21/558","258/18986",0.0813953488372093,2.76948403767609,4.97959589580535,2.69545578606142e-05,0.00235329792913689,0.00217257789673522,"TOP2A/CENPF/SMC4/MYC/BUB1/CENPE/ARID1A/BIRC5/CDC6/NCAPG/ZWILCH/NCAPD2/CDK1/NEK7/FBXO5/ZWINT/ESPL1/CCNB1/PLK1/NDC80/SETDB1",21
"GO:0022411","cellular component disassembly","30/558","450/18986",0.0666666666666667,2.26833930704898,4.73823936797609,2.86503554653187e-05,0.00245132441361267,0.00226307649907107,"TOP2A/ATAD2/MYC/MAP1B/WNK1/TPX2/ARID1A/AIFM1/NEDD9/MAP1LC3B/SYNJ1/MMP7/LCP1/MRRF/CDK1/STMN1/ADD3/CKAP5/ADRB2/UVRAG/SPAST/CTSV/SMCR8/PLK1/PIK3CA/C3/CX3CL1/KIF2C/STX5/PLEKHH2",30
"GO:0051303","establishment of chromosome localization","13/558","115/18986",0.11304347826087,3.84631447717002,5.32742866331806,3.35150173816465e-05,0.00281131851683694,0.0025954250818563,"CENPF/CENPE/BIRC5/ECT2/RACGAP1/ZWILCH/CDK1/ZWINT/CCNB1/NDC80/KIF14/PSRC1/KIF2C",13
"GO:0046785","microtubule polymerization","12/558","101/18986",0.118811881188119,4.04258490365166,5.33492350712304,4.07411089904068e-05,0.00333632007096991,0.00308010947227654,"MAP1B/HSPA1A/TPX2/MAP2/STMN1/PDE4DIP/FBXO5/CKAP5/TUBG1/HSPA1B/PSRC1/RANBP9",12
"GO:0051988","regulation of attachment of spindle microtubules to kinetochore","6/558","23/18986",0.260869565217391,8.87611033193081,6.57666143708399,4.13335586165043e-05,0.00333632007096991,0.00308010947227654,"BIRC5/ECT2/RACGAP1/ZWILCH/CDK1/CCNB1",6
"GO:0044843","cell cycle G1/S phase transition","22/558","287/18986",0.0766550522648084,2.60819502204239,4.7769838107579,4.3641051363207e-05,0.0034573410691074,0.003191836739079,"MIR222/MYC/RRM1/ARID1A/CASP2/CDC6/INHBA/MIR193A/CCNB2/CDK1/CDK7/FAM107A/CCNB1/MEPCE/CDK6/TFDP1/DCUN1D3/PIAS1/KIF14/GTSE1/MIR15A/POLE",22
"GO:0045646","regulation of erythrocyte differentiation","8/558","46/18986",0.173913043478261,5.91740688795387,5.8104313200475,5.15954542964862e-05,0.00394589975799676,0.00364287687114093,"MIR222/HSPA1A/LYN/INHBA/MED1/HMGB2/CDK6/HSPA1B",8
"GO:0045839","negative regulation of mitotic nuclear division","9/558","59/18986",0.152542372881356,5.19026790595954,5.60931983801588,5.20253388361265e-05,0.00394589975799676,0.00364287687114093,"CENPF/BUB1/BIRC5/ZWILCH/FBXO5/ZWINT/CCNB1/PLK1/NDC80",9
"GO:1902749","regulation of cell cycle G2/M phase transition","13/558","120/18986",0.108333333333333,3.6860513739546,5.13627562763938,5.25751019648938e-05,0.00394589975799676,0.00364287687114093,"CENPF/RRM1/HUS1/CLSPN/CDC6/CDK1/APP/FBXO5/CCNB1/CDK6/CDC25C/PLK1/KIF14",13
"GO:0007088","regulation of mitotic nuclear division","13/558","121/18986",0.107438016528926,3.65558813945911,5.09927341895856,5.73527793954042e-05,0.00423026190092309,0.00390540160238759,"CENPF/BUB1/BIRC5/ZWILCH/MKI67/FBXO5/ZWINT/ESPL1/CCNB1/CDC25C/PLK1/NDC80/NUSAP1",13
"GO:1901992","positive regulation of mitotic cell cycle phase transition","12/558","105/18986",0.114285714285714,3.88858166922683,5.16475949513389,5.99770159176637e-05,0.00432051937433999,0.00398872780997604,"MIR222/RRM1/BIRC5/CDC6/CDK1/APP/FBXO5/ESPL1/CCNB1/MEPCE/CDC25C/TFDP1",12
"GO:0030261","chromosome condensation","8/558","47/18986",0.170212765957447,5.79150461374209,5.72302464391213,6.05963446611499e-05,0.00432051937433999,0.00398872780997604,"TOP2A/SMC4/AIFM1/NCAPG/NCAPD2/CDK1/PLK1/NUSAP1",8
"GO:0050000","chromosome localization","13/558","123/18986",0.105691056910569,3.59614768190693,5.02643262335211,6.8050491890431e-05,0.00477245908700432,0.00440596109703015,"CENPF/CENPE/BIRC5/ECT2/RACGAP1/ZWILCH/CDK1/ZWINT/CCNB1/NDC80/KIF14/PSRC1/KIF2C",13
"GO:0045930","negative regulation of mitotic cell cycle","20/558","256/18986",0.078125,2.65821012544803,4.64808386200329,7.39494917527166e-05,0.00510251493093744,0.0047106705102919,"CENPF/BUB1/HUS1/CLSPN/BIRC5/CASP2/CDC6/INHBA/ZWILCH/MIR193A/CDK1/FAM107A/FBXO5/ZWINT/CCNB1/PLK1/NDC80/DCUN1D3/GTSE1/MIR15A",20
"GO:0031109","microtubule polymerization or depolymerization","14/558","142/18986",0.0985915492957746,3.35458629915695,4.90067086159766,7.77220626625617e-05,0.00527769815984824,0.00487240065346586,"MAP1B/HSPA1A/TPX2/MAP2/STMN1/PDE4DIP/FBXO5/CKAP5/TUBG1/SPAST/HSPA1B/PSRC1/RANBP9/KIF2C",14
"GO:0007094","mitotic spindle assembly checkpoint signaling","8/558","49/18986",0.163265306122449,5.55511667032404,5.55552688837446,8.25382476080648e-05,0.00534997914041366,0.00493913086165007,"CENPF/BUB1/BIRC5/ZWILCH/ZWINT/CCNB1/PLK1/NDC80",8
"GO:0071173","spindle assembly checkpoint signaling","8/558","49/18986",0.163265306122449,5.55511667032404,5.55552688837446,8.25382476080648e-05,0.00534997914041366,0.00493913086165007,"CENPF/BUB1/BIRC5/ZWILCH/ZWINT/CCNB1/PLK1/NDC80",8
"GO:0071174","mitotic spindle checkpoint signaling","8/558","49/18986",0.163265306122449,5.55511667032404,5.55552688837446,8.25382476080648e-05,0.00534997914041366,0.00493913086165007,"CENPF/BUB1/BIRC5/ZWILCH/ZWINT/CCNB1/PLK1/NDC80",8
"GO:0031577","spindle checkpoint signaling","8/558","50/18986",0.16,5.44401433691756,5.47519548185792,9.57612067871546e-05,0.00611442451694698,0.00564487113692701,"CENPF/BUB1/BIRC5/ZWILCH/ZWINT/CCNB1/PLK1/NDC80",8
"GO:0031112","positive regulation of microtubule polymerization or depolymerization","7/558","38/18986",0.184210526315789,6.2677796642143,5.65615119498407,0.000104269120546686,0.00655975437792241,0.00605600217168989,"MAP1B/HSPA1A/PDE4DIP/CKAP5/SPAST/HSPA1B/PSRC1",7
"GO:0000075","cell cycle checkpoint signaling","17/558","203/18986",0.083743842364532,2.84939174038173,4.60975402086166,0.00010920115526857,0.00677011493972706,0.00625020822663221,"CENPF/BUB1/LYN/HUS1/CLSPN/BIRC5/CASP2/CDC6/ZWILCH/STK38/CDK1/ZWINT/CCNB1/GNB1L/PLK1/NDC80/GTSE1",17
"GO:0010639","negative regulation of organelle organization","25/558","371/18986",0.0673854447439353,2.29279579553469,4.37591284884296,0.00011077794431531,0.00677011493972706,0.00625020822663221,"TOP2A/CENPF/MAP1B/BUB1/HSPA1A/TPX2/BIRC5/MAP2/PHLDB2/ZWILCH/TBC1D4/STMN1/ADD3/LIF/FBXO5/ZWINT/ESPL1/CCNB1/TESK1/SMCR8/PLK1/NDC80/PIK3CA/MPHOSPH9/PLEKHH2",25
"GO:0051656","establishment of organelle localization","30/558","488/18986",0.0614754098360656,2.0917063282214,4.25144582762917,0.000124610689304754,0.00746002839877677,0.00688714021608977,"CENPF/MAP1B/CENPE/LYN/BIRC5/SYNJ1/ECT2/MAP2/RACGAP1/CBL/ZWILCH/CDK1/ARFGAP2/HDAC3/PSEN1/ZWINT/ESPL1/CCNB1/KIF5C/TESK1/SPAST/PLK1/NDC80/C17orf75/KIF14/NEFL/NUSAP1/SYBU/PSRC1/KIF2C",30
"GO:0045786","negative regulation of cell cycle","27/558","419/18986",0.0644391408114559,2.19254754022635,4.29531622165425,0.000125554475154728,0.00746002839877677,0.00688714021608977,"CENPF/BUB1/LYN/HUS1/CLSPN/BIRC5/CASP2/CDC6/INHBA/ZWILCH/MIR193A/STK38/CDK1/FAM107A/LIF/FBXO5/ZWINT/ESPL1/CCNB1/CDK6/GMNN/GNB1L/PLK1/NDC80/DCUN1D3/GTSE1/MIR15A",27
"GO:0044837","actomyosin contractile ring organization","4/558","10/18986",0.4,13.6100358422939,6.94060427766218,0.00013460684382905,0.00787012578482759,0.00726574443165107,"ECT2/RACGAP1/IQGAP2/ANLN",4
"GO:0010971","positive regulation of G2/M transition of mitotic cell cycle","6/558","28/18986",0.214285714285714,7.29109062980031,5.79684911455383,0.00013613588314101,0.00787012578482759,0.00726574443165107,"RRM1/CDK1/APP/FBXO5/CCNB1/CDC25C",6
"GO:0051783","regulation of nuclear division","14/558","151/18986",0.0927152317880795,3.15464406940587,4.62556191049517,0.000150427542837493,0.00858038704345063,0.00792146162422843,"CENPF/BUB1/BIRC5/ZWILCH/MKI67/LIF/FBXO5/ZWINT/ESPL1/CCNB1/CDC25C/PLK1/NDC80/NUSAP1",14
"GO:0007093","mitotic cell cycle checkpoint signaling","14/558","152/18986",0.0921052631578947,3.13388983210715,4.59627286516191,0.000161318692761745,0.00907981763363239,0.00838253875676994,"CENPF/BUB1/HUS1/CLSPN/BIRC5/CASP2/CDC6/ZWILCH/CDK1/ZWINT/CCNB1/PLK1/NDC80/GTSE1",14
"GO:0051225","spindle assembly","13/558","134/18986",0.0970149253731343,3.30094152891457,4.65117376355949,0.000163428227627324,0.00907981763363239,0.00838253875676994,"KIF23/HSPA1A/TPX2/BIRC5/RACGAP1/CCNB2/NEK7/KIF11/HDAC3/FBXO5/HSPA1B/PLK1/NDC80",13
"GO:0007076","mitotic chromosome condensation","5/558","19/18986",0.263157894736842,8.95397094887757,6.03593809853248,0.00017789514249999,0.00975686435403794,0.00900759210067428,"SMC4/NCAPG/NCAPD2/PLK1/NUSAP1",5
"GO:2001251","negative regulation of chromosome organization","11/558","101/18986",0.108910891089109,3.70570282834735,4.74422837138095,0.000186478176576498,0.0100981473341045,0.00932266646922079,"TOP2A/CENPF/BUB1/BIRC5/ZWILCH/FBXO5/ZWINT/ESPL1/CCNB1/PLK1/NDC80",11
"GO:0045931","positive regulation of mitotic cell cycle","13/558","136/18986",0.0955882352941176,3.25239827113641,4.58714280536545,0.00018959020499541,0.0101383362121295,0.00935976906766813,"MIR222/RRM1/BIRC5/CDC6/CDK1/APP/FBXO5/ESPL1/CCNB1/MEPCE/CDC25C/TFDP1/ASNS",13
"GO:0030865","cortical cytoskeleton organization","8/558","56/18986",0.142857142857143,4.86072708653354,5.03467113318265,0.000217129987172712,0.0114676800632699,0.010587026794958,"ECT2/RACGAP1/FHOD3/LCP1/IQGAP2/FMNL2/RHOG/ANLN",8
"GO:0030866","cortical actin cytoskeleton organization","7/558","43/18986",0.162790697674419,5.53896807535217,5.18501807564918,0.000234498651490012,0.0122339662326131,0.0112944665005202,"ECT2/RACGAP1/FHOD3/LCP1/IQGAP2/FMNL2/ANLN",7
"GO:1902751","positive regulation of cell cycle G2/M phase transition","6/558","31/18986",0.193548387096774,6.58550121401318,5.41582224185014,0.000246876456826567,0.0127245479795669,0.0117473743311766,"RRM1/CDK1/APP/FBXO5/CCNB1/CDC25C",6
"GO:1901989","positive regulation of cell cycle phase transition","12/558","125/18986",0.096,3.26640860215054,4.42378648274433,0.000318597808452392,0.016225731244754,0.0149796864324985,"MIR222/RRM1/BIRC5/CDC6/CDK1/APP/FBXO5/ESPL1/CCNB1/MEPCE/CDC25C/TFDP1",12
"GO:0031116","positive regulation of microtubule polymerization","6/558","33/18986",0.181818181818182,6.18637992831541,5.18878427175919,0.000353324657091707,0.0175758474771898,0.0162261213391442,"MAP1B/HSPA1A/PDE4DIP/CKAP5/HSPA1B/PSRC1",6
"GO:0045648","positive regulation of erythrocyte differentiation","6/558","33/18986",0.181818181818182,6.18637992831541,5.18878427175919,0.000353324657091707,0.0175758474771898,0.0162261213391442,"MIR222/HSPA1A/INHBA/MED1/HMGB2/HSPA1B",6
"GO:0000212","meiotic spindle organization","5/558","22/18986",0.227272727272727,7.73297491039427,5.49840418720505,0.000374532863396015,0.0184166849380247,0.0170023872167193,"CCNB2/FBXO5/ESPL1/TUBG1/NDC80",5
"GO:1900180","regulation of protein localization to nucleus","13/558","146/18986",0.089041095890411,3.02963126626405,4.28387136634672,0.000381123788994869,0.0185278132877278,0.0171049815347936,"CREBBP/ECT2/CDK1/APP/HDAC3/PSEN1/UFM1/MEPCE/TESK1/NGFR/OTUD7B/PLK1/CHP1",13
"GO:0070507","regulation of microtubule cytoskeleton organization","14/558","166/18986",0.0843373493975904,2.86958587036317,4.20991134276175,0.000402097872427001,0.0193278055982327,0.0178435389396346,"MAP1B/HSPA1A/TPX2/MAP2/PHLDB2/RAE1/STMN1/FAM107A/PDE4DIP/CKAP5/SPAST/HSPA1B/PLK1/PSRC1",14
"GO:0007020","microtubule nucleation","7/558","47/18986",0.148936170212766,5.06756653702433,4.85834521903177,0.000413559889445299,0.0196578800782999,0.0181482655578803,"HSPA1A/TPX2/PDE4DIP/CKAP5/TUBG1/HSPA1B/RANBP9",7
"GO:0034101","erythrocyte homeostasis","13/558","150/18986",0.0866666666666667,2.94884109916368,4.16975959740101,0.000494416893558803,0.0230012956816607,0.0212349256656064,"MIR222/HSPA1A/LYN/RCOR1/RACGAP1/PTPN2/INHBA/MED1/GPI/TMEM14C/HMGB2/CDK6/HSPA1B",13
"GO:0007080","mitotic metaphase chromosome alignment","8/558","63/18986",0.126984126984127,4.32064629914092,4.59389640472895,0.000494651520035713,0.0230012956816607,0.0212349256656064,"CENPE/BIRC5/CDK1/CCNB1/NDC80/KIF14/PSRC1/KIF2C",8
"GO:0051302","regulation of cell division","15/558","190/18986",0.0789473684210526,2.68619128466327,4.06475356819521,0.000511749867476422,0.0235404939039154,0.0217327164999608,"KIF23/MYC/WNK1/BIRC5/CDC6/ECT2/RACGAP1/AHCTF1/KIF20A/PTCH1/UVRAG/SPAST/CIT/PLK1/KIF14",15
"GO:2000045","regulation of G1/S transition of mitotic cell cycle","15/558","191/18986",0.0785340314136126,2.67212745594776,4.04155222346524,0.000540712208896495,0.024608157762332,0.0227183897847665,"MIR222/RRM1/ARID1A/CASP2/CDC6/INHBA/MIR193A/CDK7/FAM107A/MEPCE/TFDP1/DCUN1D3/KIF14/GTSE1/MIR15A",15
"GO:0051231","spindle elongation","4/558","14/18986",0.285714285714286,9.72145417306708,5.68040971349102,0.000584174618874273,0.0263063054688857,0.0242861293076595,"KIF23/BIRC5/RACGAP1/KIF11",4
"GO:0031113","regulation of microtubule polymerization","8/558","65/18986",0.123076923076923,4.18770333609043,4.47966802420929,0.00061245975250411,0.0272927377209644,0.0251968091161779,"MAP1B/HSPA1A/MAP2/STMN1/PDE4DIP/CKAP5/HSPA1B/PSRC1",8
"GO:0032984","protein-containing complex disassembly","18/558","258/18986",0.0697674418604651,2.37384346086522,3.86620343192707,0.000655795857314186,0.0289226255421658,0.0267015307286253,"ATAD2/MYC/MAP1B/WNK1/TPX2/ARID1A/MAP1LC3B/SYNJ1/STMN1/ADD3/CKAP5/ADRB2/UVRAG/SPAST/SMCR8/PIK3CA/KIF2C/PLEKHH2",18
"GO:0031110","regulation of microtubule polymerization or depolymerization","10/558","100/18986",0.1,3.40250896057348,4.19158542793689,0.000717622749087359,0.031022812443558,0.0286404350995865,"MAP1B/HSPA1A/TPX2/MAP2/STMN1/PDE4DIP/CKAP5/SPAST/HSPA1B/PSRC1",10
"GO:0046822","regulation of nucleocytoplasmic transport","11/558","118/18986",0.0932203389830508,3.17183038697527,4.11800882995731,0.000717919222045872,0.031022812443558,0.0286404350995865,"NEAT1/WNK1/EMD/ECT2/PPP1CC/PPM1A/CDK1/HDAC3/PSEN1/UFM1/CHP1",11
"GO:1902905","positive regulation of supramolecular fiber organization","14/558","177/18986",0.0790960451977401,2.69125002531236,3.93364256296683,0.000763467831922914,0.0326611538496623,0.0301529611092082,"MAP1B/HSPA1A/BAG4/AMOT/PDE4DIP/APP/PSEN1/CKAP5/TESK1/SPAST/HSPA1B/S100A10/PSRC1/CX3CL1",14
"GO:0044771","meiotic cell cycle phase transition","4/558","15/18986",0.266666666666667,9.07335722819594,5.44299562708426,0.000778183958333779,0.0329610987500189,0.030429871929842,"CCNB2/ZWINT/CDC25C/NDC80",4
"GO:0030218","erythrocyte differentiation","12/558","139/18986",0.0863309352517986,2.93741780768933,3.98926485101648,0.000832561851876395,0.0345923937862944,0.0319358926911682,"MIR222/HSPA1A/LYN/RCOR1/RACGAP1/PTPN2/INHBA/MED1/TMEM14C/HMGB2/CDK6/HSPA1B",12
"GO:0140694","non-membrane-bounded organelle assembly","25/558","425/18986",0.0588235294117647,2.00147585916087,3.63343640316958,0.000845951787972411,0.0345923937862944,0.0319358926911682,"CENPF/KIF23/HSPA1A/EIF2S1/CENPE/WNK1/TPX2/BIRC5/RACGAP1/GRB7/FHOD3/LCP1/CCNB2/NEK7/KIF11/HDAC3/FBXO5/AUP1/CNOT1/HSPA1B/PLK1/NDC80/ANLN/RTTN/CNOT2",25
"GO:0036315","cellular response to sterol","5/558","26/18986",0.192307692307692,6.5432864626413,4.92173388847386,0.000849041923226019,0.0345923937862944,0.0319358926911682,"MIR182/INHBA/GRAMD1A/PTCH1/INSIG2",5
"GO:0051315","attachment of mitotic spindle microtubules to kinetochore","5/558","26/18986",0.192307692307692,6.5432864626413,4.92173388847386,0.000849041923226019,0.0345923937862944,0.0319358926911682,"CENPE/BIRC5/CDK1/NDC80/KIF2C",5
"GO:1903046","meiotic cell cycle process","16/558","222/18986",0.0720720720720721,2.45225871032323,3.78739902870638,0.000910605314511185,0.0367506559950835,0.0339284125128696,"TOP2A/SMC4/HUS1/CCNB2/NCAPD2/LIF/FBXO5/ZWINT/ESPL1/TUBG1/FOXJ3/CDC25C/PLK1/NDC80/KLHDC3/RMI1",16
"GO:0002262","myeloid cell homeostasis","14/558","183/18986",0.0765027322404372,2.60301231956441,3.79168395058419,0.00105649064394633,0.0422398782691812,0.0389960934194453,"MIR222/HSPA1A/LYN/RCOR1/RACGAP1/PTPN2/CSF1/INHBA/MED1/GPI/TMEM14C/HMGB2/CDK6/HSPA1B",14
"GO:0051258","protein polymerization","19/558","293/18986",0.0648464163822526,2.20640512801693,3.62135232796281,0.00113032644411216,0.0447583336692063,0.0413211456231053,"MAP1B/HSPA1A/TPX2/MAP2/BAG4/STMN1/FAM107A/PDE4DIP/ADD3/FBXO5/MSRB1/COBL/CKAP5/VDAC2/TUBG1/HSPA1B/NEFL/PSRC1/RANBP9",19
"GO:0051017","actin filament bundle assembly","13/558","164/18986",0.0792682926829268,2.69711076143019,3.79824106820476,0.00114040635108544,0.0447583336692063,0.0413211456231053,"NEDD9/PHLDB2/BAG4/LCP1/AMOT/STMN1/ITGB5/FAM107A/SLC9A1/TESK1/S100A10/MYO1B/CX3CL1",13
"GO:0048545","response to steroid hormone","21/558","340/18986",0.0617647058823529,2.10154965211891,3.56643238408928,0.00117697617973763,0.0457736736083416,0.0422585131710582,"PMEPA1/HSPA1A/REST/AIFM1/SAFB2/INHBA/FAM107A/KDM1A/RPL27/MED1/UFM1/GPI/CNOT1/HMGB2/HSPA1B/PPARA/SCNN1A/ADM/NEFL/PIK3CA/CNOT2",21
"GO:0045639","positive regulation of myeloid cell differentiation","10/558","107/18986",0.0934579439252336,3.17991491642381,3.93482332496788,0.00121391900048457,0.0467850944511082,0.0431922625871799,"MIR222/HSPA1A/NEDD9/RCOR1/CSF1/INHBA/LIF/MED1/HMGB2/HSPA1B",10
